name,iso3,iso2,numeric_code,phone_code,capital,currency,currency_symbol,tld,native,continent,subcontinent,timezones,latitude,longitude,emoji,emojiU,flag_image,map_image,area,population
Afghanistan,AFG,AF,4,93,Kabul,AFN,Ø‹,.af,Ø§ÙØºØ§Ù†Ø³ØªØ§Ù†,Asia,Southern Asia,Asia/Kabul,33,65,ğŸ‡¦ğŸ‡«,U+1F1E6 U+1F1EB,,,,
Aland Islands,ALA,AX,248,340,Mariehamn,EUR,â‚¬,.ax,Ã…land,Europe,Northern Europe,Europe/Mariehamn,60.116667,19.9,ğŸ‡¦ğŸ‡½,U+1F1E6 U+1F1FD,,,,
Albania,ALB,AL,8,355,Tirana,ALL,Lek,.al,ShqipÃ«ria,Europe,Southern Europe,Europe/Tirane,41,20,ğŸ‡¦ğŸ‡±,U+1F1E6 U+1F1F1,,,,
Algeria,DZA,DZ,12,213,Algiers,DZD,Ø¯Ø¬,.dz,Ø§Ù„Ø¬Ø²Ø§Ø¦Ø±,Africa,Northern Africa,Africa/Algiers,28,3,ğŸ‡©ğŸ‡¿,U+1F1E9 U+1F1FF,,,,
American Samoa,ASM,AS,16,-683,Pago Pago,USD,$,.as,American Samoa,Oceania,Polynesia,Pacific/Pago_Pago,-14.33333333,-170,ğŸ‡¦ğŸ‡¸,U+1F1E6 U+1F1F8,,,,
Andorra,AND,AD,20,376,Andorra la Vella,EUR,â‚¬,.ad,Andorra,Europe,Southern Europe,Europe/Andorra,42.5,1.5,ğŸ‡¦ğŸ‡©,U+1F1E6 U+1F1E9,,,,
Angola,AGO,AO,24,244,Luanda,AOA,Kz,.ao,Angola,Africa,Middle Africa,Africa/Luanda,-12.5,18.5,ğŸ‡¦ğŸ‡´,U+1F1E6 U+1F1F4,,,,
Anguilla,AIA,AI,660,-263,The Valley,XCD,$,.ai,Anguilla,Americas,Caribbean,America/Anguilla,18.25,-63.16666666,ğŸ‡¦ğŸ‡®,U+1F1E6 U+1F1EE,,,,
Antarctica,ATA,AQ,10,672,,AAD,$,.aq,Antarctica,Antarctica,Polar,"Antarctica/Casey,Antarctica/Davis,Antarctica/DumontDUrville,Antarctica/Mawson,Antarctica/McMurdo,Antarctica/Palmer,Antarctica/Rothera,Antarctica/Syowa,Antarctica/Troll,Antarctica/Vostok,,",-74.65,4.48,ğŸ‡¦ğŸ‡¶,U+1F1E6 U+1F1F6,,,,
Antigua And Barbuda,ATG,AG,28,-267,St. John's,XCD,$,.ag,Antigua and Barbuda,Americas,Caribbean,America/Antigua,17.05,-61.8,ğŸ‡¦ğŸ‡¬,U+1F1E6 U+1F1EC,,,,
Argentina,ARG,AR,32,54,Buenos Aires,ARS,$,.ar,Argentina,Americas,South America,"America/Argentina/Buenos_Aires,America/Argentina/Catamarca,America/Argentina/Cordoba,America/Argentina/Jujuy,America/Argentina/La_Rioja,America/Argentina/Mendoza,America/Argentina/Rio_Gallegos,America/Argentina/Salta,America/Argentina/San_Juan,America/Argentina/San_Luis,America/Argentina/Tucuman,America/Argentina/Ushuaia",-34,-64,ğŸ‡¦ğŸ‡·,U+1F1E6 U+1F1F7,,,,
Armenia,ARM,AM,51,374,Yerevan,AMD,Ö,.am,Õ€Õ¡ÕµÕ¡Õ½Õ¿Õ¡Õ¶,Asia,Western Asia,Asia/Yerevan,40,45,ğŸ‡¦ğŸ‡²,U+1F1E6 U+1F1F2,,,,
Aruba,ABW,AW,533,297,Oranjestad,AWG,Æ’,.aw,Aruba,Americas,Caribbean,America/Aruba,12.5,-69.96666666,ğŸ‡¦ğŸ‡¼,U+1F1E6 U+1F1FC,,,,
Australia,AUS,AU,36,61,Canberra,AUD,$,.au,Australia,Oceania,Australia and New Zealand,"Antarctica/Macquarie,Australia/Adelaide,Australia/Brisbane,Australia/Broken_Hill,Australia/Currie,Australia/Darwin,Australia/Eucla,Australia/Hobart,Australia/Lindeman,Australia/Lord_Howe,Australia/Melbourne,Australia/Perth",-27,133,ğŸ‡¦ğŸ‡º,U+1F1E6 U+1F1FA,,,,
Austria,AUT,AT,40,43,Vienna,EUR,â‚¬,.at,Ã–sterreich,Europe,Western Europe,Europe/Vienna,47.33333333,13.33333333,ğŸ‡¦ğŸ‡¹,U+1F1E6 U+1F1F9,,,,
Azerbaijan,AZE,AZ,31,994,Baku,AZN,m,.az,AzÉ™rbaycan,Asia,Western Asia,Asia/Baku,40.5,47.5,ğŸ‡¦ğŸ‡¿,U+1F1E6 U+1F1FF,,,,
Bahamas The,BHS,BS,44,-241,Nassau,BSD,B$,.bs,Bahamas,Americas,Caribbean,America/Nassau,24.25,-76,ğŸ‡§ğŸ‡¸,U+1F1E7 U+1F1F8,,,,
Bahrain,BHR,BH,48,973,Manama,BHD,.Ø¯.Ø¨,.bh,â€Ø§Ù„Ø¨Ø­Ø±ÙŠÙ†,Asia,Western Asia,Asia/Bahrain,26,50.55,ğŸ‡§ğŸ‡­,U+1F1E7 U+1F1ED,,,,
Bangladesh,BGD,BD,50,880,Dhaka,BDT,à§³,.bd,Bangladesh,Asia,Southern Asia,Asia/Dhaka,24,90,ğŸ‡§ğŸ‡©,U+1F1E7 U+1F1E9,,,,
Barbados,BRB,BB,52,-245,Bridgetown,BBD,Bds$,.bb,Barbados,Americas,Caribbean,America/Barbados,13.16666666,-59.53333333,ğŸ‡§ğŸ‡§,U+1F1E7 U+1F1E7,,,,
Belarus,BLR,BY,112,375,Minsk,BYN,Br,.by,Ğ‘ĞµĞ»Ğ°Ñ€ÑƒÌÑÑŒ,Europe,Eastern Europe,Europe/Minsk,53,28,ğŸ‡§ğŸ‡¾,U+1F1E7 U+1F1FE,,,,
Belgium,BEL,BE,56,32,Brussels,EUR,â‚¬,.be,BelgiÃ«,Europe,Western Europe,Europe/Brussels,50.83333333,4,ğŸ‡§ğŸ‡ª,U+1F1E7 U+1F1EA,,,,
Belize,BLZ,BZ,84,501,Belmopan,BZD,$,.bz,Belize,Americas,Central America,America/Belize,17.25,-88.75,ğŸ‡§ğŸ‡¿,U+1F1E7 U+1F1FF,,,,
Benin,BEN,BJ,204,229,Porto-Novo,XOF,CFA,.bj,BÃ©nin,Africa,Western Africa,Africa/Porto-Novo,9.5,2.25,ğŸ‡§ğŸ‡¯,U+1F1E7 U+1F1EF,,,,
Bermuda,BMU,BM,60,-440,Hamilton,BMD,$,.bm,Bermuda,Americas,Northern America,Atlantic/Bermuda,32.33333333,-64.75,ğŸ‡§ğŸ‡²,U+1F1E7 U+1F1F2,,,,
Bhutan,BTN,BT,64,975,Thimphu,BTN,Nu.,.bt,Ê¼brug-yul,Asia,Southern Asia,Asia/Thimphu,27.5,90.5,ğŸ‡§ğŸ‡¹,U+1F1E7 U+1F1F9,,,,
Bolivia,BOL,BO,68,591,Sucre,BOB,Bs.,.bo,Bolivia,Americas,South America,America/La_Paz,-17,-65,ğŸ‡§ğŸ‡´,U+1F1E7 U+1F1F4,,,,
"Bonaire, Sint Eustatius and Saba",BES,BQ,535,599,Kralendijk,USD,$,.an,Caribisch Nederland,Americas,Caribbean,America/Anguilla,12.15,-68.266667,ğŸ‡§ğŸ‡¶,U+1F1E7 U+1F1F6,,,,
